{
<<<<<<< HEAD
    "index": 0,
    "IDList": [
=======
    "index": 5,
    "IDList": [
        "1676781325.797492",
        "1676783741.2662709",
        "1676781975.453492",
        "1676774913.157655",
        "1676775222.6618712",
        "1676763962.160547",
        "1676775100.926396",
        "1676775251.9344661",
        "1676785555.299242",
        "1676760268.780087"
>>>>>>> 47d5928afa2c4b5efc4d4fc1f6951645445b0736
    ]
}